<?xml version="1.0"?>
<data grt_format="2.0">
  <value _ptr_="0x560af0dd3e00" type="list" content-type="object" content-struct-name="db.mgmt.Connection">
    <value type="object" struct-name="db.mgmt.Connection" id="c18ba9fb-0e32-11ea-9394-c16bb7b0935a" struct-checksum="0x96ba47d8">
      <link type="object" struct-name="db.mgmt.Driver" key="driver">com.mysql.rdbms.mysql.driver.native_sshtun</link>
      <value type="string" key="hostIdentifier">Mysql@127.0.0.1:3306@192.168.10.10:22</value>
      <value type="int" key="isDefault">1</value>
      <value _ptr_="0x560af0f43030" type="dict" key="modules"/>
      <value _ptr_="0x560af0f430b0" type="dict" key="parameterValues">
        <value type="string" key=""></value>
        <value type="string" key="DbSqlEditor:LastDefaultSchema">homestead</value>
        <value type="string" key="SQL_MODE"></value>
        <value type="string" key="hostName">127.0.0.1</value>
        <value type="int" key="lastConnected">1574542664</value>
        <value type="string" key="password"></value>
        <value type="int" key="port">3306</value>
        <value type="string" key="schema">homestead</value>
        <value type="string" key="serverVersion">5.7.25-0ubuntu0.18.04.2</value>
        <value type="int" key="sshCompressionLevel">0</value>
        <value type="string" key="sshHost">192.168.10.10:22</value>
        <value type="string" key="sshKeyFile">/home/gustavo/.ssh/id_rsa</value>
        <value type="string" key="sshPassword"></value>
        <value type="string" key="sshUserName">vagrant</value>
        <value type="string" key="sslCA"></value>
        <value type="string" key="sslCert"></value>
        <value type="string" key="sslCipher"></value>
        <value type="string" key="sslKey"></value>
        <value type="int" key="useSSL">1</value>
        <value type="string" key="userName">homestead</value>
      </value>
      <value type="string" key="name">stock manager</value>
      <link type="object" struct-name="GrtObject" key="owner">57ab24cc-0e35-11ea-9394-c16bb7b0935a</link>
    </value>
  </value>
</data>
