<?xml version="1.0"?>
<data grt_format="2.0">
  <value _ptr_="0x560af0e0f3f0" type="list" content-type="object" content-struct-name="db.mgmt.ServerInstance">
    <value type="object" struct-name="db.mgmt.ServerInstance" id="e776ac28-0e32-11ea-9394-c16bb7b0935a" struct-checksum="0x367436e2">
      <link type="object" struct-name="db.mgmt.Connection" key="connection">c18ba9fb-0e32-11ea-9394-c16bb7b0935a</link>
      <value _ptr_="0x560af11768e0" type="dict" key="loginInfo"/>
      <value _ptr_="0x560af0f4be60" type="dict" key="serverInfo">
        <value type="int" key="setupPending">0</value>
        <value type="string" key="sys.sudo"></value>
      </value>
      <value type="string" key="name">stock manager</value>
    </value>
  </value>
</data>
